{"None": ["dayZon_reaMFloHea_y", "dayZon_reaPLig_y", "dayZon_reaPPlu_y", "dayZon_reaPowFlooHea_y", "dayZon_reaPowQint_y", "dayZon_reaTavgFloHea_y", "dayZon_reaTretFloHea_y", "dayZon_reaTsupFloHea_y", "hydronicSystem_reaCOPhp_y", "hydronicSystem_reaTretFloHea_y", "nigZon_reaMFloHea_y", "nigZon_reaPLig_y", "nigZon_reaPPlu_y", "nigZon_reaPowFlooHea_y", "nigZon_reaPowQint_y", "nigZon_reaTavgFloHea_y", "nigZon_reaTretFloHea_y", "nigZon_reaTsupFloHea_y", "weatherStation_reaWeaCeiHei_y", "weatherStation_reaWeaCloTim_y", "weatherStation_reaWeaHDifHor_y", "weatherStation_reaWeaHDirNor_y", "weatherStation_reaWeaHGloHor_y", "weatherStation_reaWeaHHorIR_y", "weatherStation_reaWeaLat_y", "weatherStation_reaWeaLon_y", "weatherStation_reaWeaNOpa_y", "weatherStation_reaWeaNTot_y", "weatherStation_reaWeaPAtm_y", "weatherStation_reaWeaRelHum_y", "weatherStation_reaWeaSolAlt_y", "weatherStation_reaWeaSolDec_y", "weatherStation_reaWeaSolHouAng_y", "weatherStation_reaWeaSolTim_y", "weatherStation_reaWeaSolZen_y", "weatherStation_reaWeaTBlaSky_y", "weatherStation_reaWeaTDewPoi_y", "weatherStation_reaWeaTDryBul_y", "weatherStation_reaWeaTWetBul_y", "weatherStation_reaWeaWinDir_y", "weatherStation_reaWeaWinSpe_y"], "ElectricPower": ["hydronicSystem_reaPPum_y", "hydronicSystem_reaPeleHeaPum_y"], "AirZoneTemperature[Day]": ["dayZon_reaTRooAir_y"], "CO2Concentration[Day]": ["dayZon_reaCO2RooAir_y"], "AirZoneTemperature[Night]": ["nigZon_reaTRooAir_y"], "CO2Concentration[Night]": ["nigZon_reaCO2RooAir_y"]}